{
  "beauty": {
    "baseline": {
      "R10": 0.03333333507180214,
      "N10": 0.02269756980240345,
      "headR10": 0.0634920671582222,
      "tailR10": 0.01149425283074379,
      "cov10": 0.041070985868936455,
      "ent": 0.6061959558724607
    },
    "static-b0.5": {
      "R10": 0.03333333507180214,
      "N10": 0.019846318289637566,
      "headR10": 0.0476190522313118,
      "tailR10": 0.02298850566148758,
      "cov10": 0.05553260061151971,
      "ent": 0.6622999685328883
    },
    "static-b1.0": {
      "R10": 0.019999999552965164,
      "N10": 0.008236397057771683,
      "headR10": 0.01587301678955555,
      "tailR10": 0.02298850566148758,
      "cov10": 0.059086025948268735,
      "ent": 0.667752757103548
    },
    "adapt-b1.0-k3": {
      "R10": 0.0,
      "N10": 0.0,
      "headR10": 0.0,
      "tailR10": 0.0,
      "cov10": 0.03536897777043219,
      "ent": 0.5744860000134959
    },
    "adapt-b1.5-k3": {
      "R10": 0.0,
      "N10": 0.0,
      "headR10": 0.0,
      "tailR10": 0.0,
      "cov10": 0.035616891166019335,
      "ent": 0.5850314528910513
    },
    "adapt-b2.0-k5": {
      "R10": 0.0,
      "N10": 0.0,
      "headR10": 0.0,
      "tailR10": 0.0,
      "cov10": 0.025287166349888437,
      "ent": 0.5413456914449335
    },
    "_meta": {
      "n": 150,
      "items": 12101,
      "head": 63,
      "tail": 87
    }
  }
}