{
  "split": "toys",
  "n": 1000,
  "beams": [
    10,
    20,
    50,
    100
  ],
  "betas": [
    0.75,
    1.5
  ],
  "results": {
    "B10_beta0.75": {
      "overlap10_vs_exact": 0.6905,
      "needed_candidates_in_beam": 0.6923999999999999,
      "R10": 0.05,
      "tailR10": 0.03536977491961415,
      "cov10": 0.1912948674941295
    },
    "B10_beta1.5": {
      "overlap10_vs_exact": 0.4241999999999999,
      "needed_candidates_in_beam": 0.42429999999999995,
      "R10": 0.049,
      "tailR10": 0.03536977491961415,
      "cov10": 0.19221737671922173
    },
    "B20_beta0.75": {
      "overlap10_vs_exact": 0.8572000000000001,
      "needed_candidates_in_beam": 0.8656,
      "R10": 0.046,
      "tailR10": 0.03376205787781351,
      "cov10": 0.21737671922173768
    },
    "B20_beta1.5": {
      "overlap10_vs_exact": 0.5702,
      "needed_candidates_in_beam": 0.5712999999999999,
      "R10": 0.048,
      "tailR10": 0.03697749196141479,
      "cov10": 0.23171754444817175
    },
    "B50_beta0.75": {
      "overlap10_vs_exact": 0.9498000000000002,
      "needed_candidates_in_beam": 0.9666000000000001,
      "R10": 0.051,
      "tailR10": 0.04340836012861737,
      "cov10": 0.2203119758470312
    },
    "B50_beta1.5": {
      "overlap10_vs_exact": 0.7402000000000001,
      "needed_candidates_in_beam": 0.7446,
      "R10": 0.05,
      "tailR10": 0.04823151125401929,
      "cov10": 0.24513586044951358
    },
    "B100_beta0.75": {
      "overlap10_vs_exact": 0.9722999999999999,
      "needed_candidates_in_beam": 0.9927,
      "R10": 0.05,
      "tailR10": 0.04340836012861737,
      "cov10": 0.21989265347198927
    },
    "B100_beta1.5": {
      "overlap10_vs_exact": 0.8426000000000001,
      "needed_candidates_in_beam": 0.8489000000000001,
      "R10": 0.051,
      "tailR10": 0.05144694533762058,
      "cov10": 0.24429721569942972
    },
    "exact_beta0.75": {
      "R10": 0.05,
      "tailR10": 0.04501607717041801,
      "cov10": 0.21880241529688024
    },
    "exact_beta1.5": {
      "R10": 0.052,
      "tailR10": 0.05627009646302251,
      "cov10": 0.23305937604830593
    }
  }
}