{
  "split": "sports",
  "n": 1000,
  "beams": [
    10,
    20,
    50,
    100
  ],
  "betas": [
    0.75,
    1.5
  ],
  "results": {
    "B10_beta0.75": {
      "overlap10_vs_exact": 0.7369000000000001,
      "needed_candidates_in_beam": 0.7580999999999999,
      "R10": 0.023,
      "tailR10": 0.00528169014084507,
      "cov10": 0.07822628969875252
    },
    "B10_beta1.5": {
      "overlap10_vs_exact": 0.37520000000000003,
      "needed_candidates_in_beam": 0.37689999999999996,
      "R10": 0.024,
      "tailR10": 0.00528169014084507,
      "cov10": 0.08285667592743913
    },
    "B20_beta0.75": {
      "overlap10_vs_exact": 0.8825,
      "needed_candidates_in_beam": 0.9078,
      "R10": 0.026,
      "tailR10": 0.008802816901408451,
      "cov10": 0.08699678596720598
    },
    "B20_beta1.5": {
      "overlap10_vs_exact": 0.49260000000000004,
      "needed_candidates_in_beam": 0.49560000000000004,
      "R10": 0.027,
      "tailR10": 0.01232394366197183,
      "cov10": 0.10197744729530969
    },
    "B50_beta0.75": {
      "overlap10_vs_exact": 0.9391000000000002,
      "needed_candidates_in_beam": 0.9742000000000001,
      "R10": 0.026,
      "tailR10": 0.007042253521126761,
      "cov10": 0.09021081876123549
    },
    "B50_beta1.5": {
      "overlap10_vs_exact": 0.6280999999999999,
      "needed_candidates_in_beam": 0.6335999999999999,
      "R10": 0.027,
      "tailR10": 0.008802816901408451,
      "cov10": 0.11526937952824536
    },
    "B100_beta0.75": {
      "overlap10_vs_exact": 0.9539000000000001,
      "needed_candidates_in_beam": 0.9924,
      "R10": 0.027,
      "tailR10": 0.008802816901408451,
      "cov10": 0.09004739336492891
    },
    "B100_beta1.5": {
      "overlap10_vs_exact": 0.726,
      "needed_candidates_in_beam": 0.7338000000000001,
      "R10": 0.024,
      "tailR10": 0.008802816901408451,
      "cov10": 0.12017214141744294
    },
    "exact_beta0.75": {
      "R10": 0.025,
      "tailR10": 0.00528169014084507,
      "cov10": 0.09048319442174647
    },
    "exact_beta1.5": {
      "R10": 0.022,
      "tailR10": 0.014084507042253521,
      "cov10": 0.11755733507653757
    }
  }
}