{
  "split": "beauty",
  "n": 1000,
  "beams": [
    10,
    20,
    50,
    100
  ],
  "betas": [
    0.75,
    1.5
  ],
  "results": {
    "B10_beta0.75": {
      "overlap10_vs_exact": 0.7551,
      "needed_candidates_in_beam": 0.7684000000000001,
      "R10": 0.045,
      "tailR10": 0.007462686567164179,
      "cov10": 0.09057102718783572
    },
    "B10_beta1.5": {
      "overlap10_vs_exact": 0.5103,
      "needed_candidates_in_beam": 0.5133,
      "R10": 0.042,
      "tailR10": 0.007462686567164179,
      "cov10": 0.0952813817039914
    },
    "B20_beta0.75": {
      "overlap10_vs_exact": 0.8937,
      "needed_candidates_in_beam": 0.9120999999999999,
      "R10": 0.05,
      "tailR10": 0.013059701492537313,
      "cov10": 0.09800842905544996
    },
    "B20_beta1.5": {
      "overlap10_vs_exact": 0.6659,
      "needed_candidates_in_beam": 0.6705,
      "R10": 0.039,
      "tailR10": 0.013059701492537313,
      "cov10": 0.11552764234360796
    },
    "B50_beta0.75": {
      "overlap10_vs_exact": 0.9559000000000001,
      "needed_candidates_in_beam": 0.9848,
      "R10": 0.046,
      "tailR10": 0.011194029850746268,
      "cov10": 0.09957854722750185
    },
    "B50_beta1.5": {
      "overlap10_vs_exact": 0.8143,
      "needed_candidates_in_beam": 0.8282,
      "R10": 0.037,
      "tailR10": 0.016791044776119403,
      "cov10": 0.12560945376415172
    },
    "B100_beta0.75": {
      "overlap10_vs_exact": 0.9683000000000002,
      "needed_candidates_in_beam": 0.9991,
      "R10": 0.046,
      "tailR10": 0.011194029850746268,
      "cov10": 0.09908272043632757
    },
    "B100_beta1.5": {
      "overlap10_vs_exact": 0.8900000000000001,
      "needed_candidates_in_beam": 0.9104000000000001,
      "R10": 0.03,
      "tailR10": 0.014925373134328358,
      "cov10": 0.12825386331708125
    },
    "exact_beta0.75": {
      "R10": 0.045,
      "tailR10": 0.011194029850746268,
      "cov10": 0.09875216924221139
    },
    "exact_beta1.5": {
      "R10": 0.027,
      "tailR10": 0.013059701492537313,
      "cov10": 0.12998925708619122
    }
  }
}