{
  "split": "clothing",
  "n": 1000,
  "beams": [
    10,
    20,
    50,
    100
  ],
  "betas": [
    0.75,
    1.5
  ],
  "results": {
    "B10_beta0.75": {
      "overlap10_vs_exact": 0.8078000000000001,
      "needed_candidates_in_beam": 0.8383,
      "R10": 0.013,
      "tailR10": 0.006644518272425249,
      "cov10": 0.08609386532366604
    },
    "B10_beta1.5": {
      "overlap10_vs_exact": 0.5431,
      "needed_candidates_in_beam": 0.5521,
      "R10": 0.013,
      "tailR10": 0.008305647840531562,
      "cov10": 0.09421265141318977
    },
    "B20_beta0.75": {
      "overlap10_vs_exact": 0.9068,
      "needed_candidates_in_beam": 0.9452,
      "R10": 0.012,
      "tailR10": 0.006644518272425249,
      "cov10": 0.0939955715712239
    },
    "B20_beta1.5": {
      "overlap10_vs_exact": 0.6646000000000002,
      "needed_candidates_in_beam": 0.6785,
      "R10": 0.014,
      "tailR10": 0.008305647840531562,
      "cov10": 0.11140537489688708
    },
    "B50_beta0.75": {
      "overlap10_vs_exact": 0.9449000000000001,
      "needed_candidates_in_beam": 0.9934000000000001,
      "R10": 0.013,
      "tailR10": 0.006644518272425249,
      "cov10": 0.0978161767898233
    },
    "B50_beta1.5": {
      "overlap10_vs_exact": 0.8048000000000001,
      "needed_candidates_in_beam": 0.8229000000000001,
      "R10": 0.01,
      "tailR10": 0.0049833887043189366,
      "cov10": 0.12390917379412147
    },
    "B100_beta0.75": {
      "overlap10_vs_exact": 0.9463000000000001,
      "needed_candidates_in_beam": 0.9987,
      "R10": 0.012,
      "tailR10": 0.006644518272425249,
      "cov10": 0.09855424825250728
    },
    "B100_beta1.5": {
      "overlap10_vs_exact": 0.867,
      "needed_candidates_in_beam": 0.8957,
      "R10": 0.011,
      "tailR10": 0.008305647840531562,
      "cov10": 0.12898884209612296
    },
    "exact_beta0.75": {
      "R10": 0.013,
      "tailR10": 0.006644518272425249,
      "cov10": 0.09864108018929363
    },
    "exact_beta1.5": {
      "R10": 0.009,
      "tailR10": 0.006644518272425249,
      "cov10": 0.1295966656536274
    }
  }
}