{
  "split": "beauty",
  "layer": 3,
  "n": 1500,
  "mean_toppop": {
    "baseline": 4.019754698117574,
    "add +2\u00b7v": 4.028872137705485,
    "add -2\u00b7v": 4.016763608773549,
    "ablate v": 3.999721378962199,
    "steer -2\u00b7v": 3.1690659381548563
  },
  "shift_vs_baseline": {
    "baseline": 0.0,
    "add +2\u00b7v": 0.00911743958791078,
    "add -2\u00b7v": -0.002991089344025255,
    "ablate v": -0.020033319155375207,
    "steer -2\u00b7v": -0.850688759962718
  }
}