{
  "beauty": {
    "baseline": {
      "R10": 0.05066666752099991,
      "headR10": 0.11180610209703445,
      "tailR10": 0.005229517817497253,
      "cov10": 0.10288405916866375,
      "ent": 0.6363213142491365
    },
    "ours_b0.75": {
      "R10": 0.04699999839067459,
      "headR10": 0.09851446747779846,
      "tailR10": 0.008715862408280373,
      "cov10": 0.1308156350714817,
      "ent": 0.681303066549259
    },
    "d3_a0.7": {
      "R10": 0.044999998062849045,
      "headR10": 0.09851446747779846,
      "tailR10": 0.005229517817497253,
      "cov10": 0.08404264110404099,
      "ent": 0.5675282977941212
    },
    "d3_a0.5": {
      "R10": 0.03500000014901161,
      "headR10": 0.07818608731031418,
      "tailR10": 0.0029052875470370054,
      "cov10": 0.06991157755557392,
      "ent": 0.5070812372344272
    },
    "d3+ours": {
      "R10": 0.02033333294093609,
      "headR10": 0.0320562943816185,
      "tailR10": 0.011621150188148022,
      "cov10": 0.17453103049334764,
      "ent": 0.7097022631027776
    },
    "_sasrec_only": {
      "R10": 0.009666666388511658,
      "headR10": 0.021892104297876358,
      "tailR10": 0.0005810575094074011,
      "cov10": 0.026278819932237005,
      "ent": 0.4157464707368781
    },
    "_meta": {
      "n": 3000,
      "items": 12101,
      "head": 1279,
      "tail": 1721
    }
  },
  "sports": {
    "baseline": {
      "R10": 0.03033333271741867,
      "headR10": 0.06226556748151779,
      "tailR10": 0.004799040034413338,
      "cov10": 0.08258430026692815,
      "ent": 0.6342916694976625
    },
    "ours_b0.75": {
      "R10": 0.028999999165534973,
      "headR10": 0.05326331779360771,
      "tailR10": 0.009598080068826675,
      "cov10": 0.12164296998420221,
      "ent": 0.6937184173579592
    },
    "d3_a0.7": {
      "R10": 0.02433333359658718,
      "headR10": 0.05326331779360771,
      "tailR10": 0.0011997600086033344,
      "cov10": 0.03971237130250041,
      "ent": 0.48449377495781254
    },
    "d3_a0.5": {
      "R10": 0.016333332285284996,
      "headR10": 0.03675919026136398,
      "tailR10": 0.0,
      "cov10": 0.011221877213052242,
      "ent": 0.3747310964310121
    },
    "d3+ours": {
      "R10": 0.014666666276752949,
      "headR10": 0.017254313454031944,
      "tailR10": 0.012597479857504368,
      "cov10": 0.10568175627825897,
      "ent": 0.6566485210631925
    },
    "_sasrec_only": {
      "R10": 0.007666666526347399,
      "headR10": 0.017254313454031944,
      "tailR10": 0.0,
      "cov10": 0.0016342539630658604,
      "ent": 0.2868243551166361
    },
    "_meta": {
      "n": 3000,
      "items": 18357,
      "head": 1333,
      "tail": 1667
    }
  },
  "toys": {
    "baseline": {
      "R10": 0.05000000074505806,
      "headR10": 0.09267431497573853,
      "tailR10": 0.024102838709950447,
      "cov10": 0.25469641060046966,
      "ent": 0.7574100547810056
    },
    "ours_b0.75": {
      "R10": 0.05166666582226753,
      "headR10": 0.0776699036359787,
      "tailR10": 0.03588644787669182,
      "cov10": 0.317930224756793,
      "ent": 0.8025218584120235
    },
    "d3_a0.7": {
      "R10": 0.03999999910593033,
      "headR10": 0.08384819328784943,
      "tailR10": 0.013390465639531612,
      "cov10": 0.18844347534384434,
      "ent": 0.678122606931608
    },
    "d3_a0.5": {
      "R10": 0.026000000536441803,
      "headR10": 0.055604591965675354,
      "tailR10": 0.008034279569983482,
      "cov10": 0.10306943978530694,
      "ent": 0.5718709699615974
    },
    "d3+ours": {
      "R10": 0.028999999165534973,
      "headR10": 0.022947926074266434,
      "tailR10": 0.032672736793756485,
      "cov10": 0.20865481382086548,
      "ent": 0.7236259873825364
    },
    "_sasrec_only": {
      "R10": 0.0023333332501351833,
      "headR10": 0.006178287789225578,
      "tailR10": 0.0,
      "cov10": 0.013669909426366991,
      "ent": 0.37952488500702164
    },
    "_meta": {
      "n": 3000,
      "items": 11924,
      "head": 1133,
      "tail": 1867
    }
  }
}