{
  "beauty": {
    "quintile_recall": {
      "0.0": {
        "overall": 0.0482,
        "by_quintile": [
          0.0,
          0.003952569169960474,
          0.006012024048096192,
          0.01670378619153675,
          0.09910313901345291
        ]
      },
      "0.25": {
        "overall": 0.049,
        "by_quintile": [
          0.0,
          0.003952569169960474,
          0.004008016032064128,
          0.01893095768374165,
          0.10044843049327354
        ]
      },
      "0.5": {
        "overall": 0.0472,
        "by_quintile": [
          0.0,
          0.005928853754940711,
          0.004008016032064128,
          0.0200445434298441,
          0.09551569506726458
        ]
      },
      "0.75": {
        "overall": 0.0456,
        "by_quintile": [
          0.002306805074971165,
          0.005928853754940711,
          0.008016032064128256,
          0.022271714922048998,
          0.08923766816143498
        ]
      },
      "1.0": {
        "overall": 0.043,
        "by_quintile": [
          0.002306805074971165,
          0.005928853754940711,
          0.014028056112224449,
          0.024498886414253896,
          0.08116591928251121
        ]
      }
    },
    "quintile_item_counts": [
      2420,
      2420,
      2420,
      2420,
      2421
    ],
    "quintile_target_counts": [
      867,
      506,
      499,
      898,
      2230
    ],
    "group_baselines": {
      "group_marginal": {
        "0.25": {
          "R10": 0.0452,
          "tailR10": 0.008303249097472924,
          "cov10": 0.10949508305098753
        },
        "0.5": {
          "R10": 0.0414,
          "tailR10": 0.009025270758122744,
          "cov10": 0.10701594909511611
        },
        "0.75": {
          "R10": 0.0348,
          "tailR10": 0.010108303249097473,
          "cov10": 0.10544583092306421
        },
        "1.0": {
          "R10": 0.0314,
          "tailR10": 0.011913357400722021,
          "cov10": 0.09999173622014709
        }
      },
      "group_count": {
        "0.25": {
          "R10": 0.0452,
          "tailR10": 0.009025270758122744,
          "cov10": 0.10949508305098753
        },
        "0.5": {
          "R10": 0.0376,
          "tailR10": 0.010108303249097473,
          "cov10": 0.11089992562598132
        },
        "0.75": {
          "R10": 0.0342,
          "tailR10": 0.013718411552346571,
          "cov10": 0.1098256342451037
        },
        "1.0": {
          "R10": 0.0288,
          "tailR10": 0.01660649819494585,
          "cov10": 0.10214031898190232
        }
      }
    },
    "tokenizer_entropy": {
      "pos0": {
        "mean_within_code_pop_entropy": 0.8898193923572915,
        "top10pct_codes_mass_share": 0.26656955571740715
      },
      "pos1": {
        "mean_within_code_pop_entropy": 0.8679017776190665,
        "top10pct_codes_mass_share": 0.23028300905212776
      },
      "pos2": {
        "mean_within_code_pop_entropy": 0.8623592278346501,
        "top10pct_codes_mass_share": 0.16741884299240453
      }
    },
    "rankshift_saved": true
  },
  "sports": {
    "quintile_recall": {
      "0.0": {
        "overall": 0.025,
        "by_quintile": [
          0.0,
          0.003816793893129771,
          0.0055658627087198514,
          0.0044943820224719105,
          0.05291970802919708
        ]
      },
      "0.25": {
        "overall": 0.0256,
        "by_quintile": [
          0.0,
          0.003816793893129771,
          0.0055658627087198514,
          0.0056179775280898875,
          0.053832116788321165
        ]
      },
      "0.5": {
        "overall": 0.026,
        "by_quintile": [
          0.0011695906432748538,
          0.0057251908396946565,
          0.00927643784786642,
          0.008988764044943821,
          0.05155109489051095
        ]
      },
      "0.75": {
        "overall": 0.0252,
        "by_quintile": [
          0.0011695906432748538,
          0.0057251908396946565,
          0.012987012987012988,
          0.010112359550561797,
          0.048357664233576646
        ]
      },
      "1.0": {
        "overall": 0.023,
        "by_quintile": [
          0.0011695906432748538,
          0.007633587786259542,
          0.016697588126159554,
          0.01348314606741573,
          0.0406021897810219
        ]
      }
    },
    "quintile_item_counts": [
      3671,
      3671,
      3672,
      3671,
      3672
    ],
    "quintile_target_counts": [
      855,
      524,
      539,
      890,
      2192
    ],
    "group_baselines": {
      "group_marginal": {
        "0.25": {
          "R10": 0.0224,
          "tailR10": 0.004273504273504274,
          "cov10": 0.09179059759219917
        },
        "0.5": {
          "R10": 0.0196,
          "tailR10": 0.006054131054131054,
          "cov10": 0.0890123658549872
        },
        "0.75": {
          "R10": 0.0116,
          "tailR10": 0.007478632478632479,
          "cov10": 0.07931579234079643
        },
        "1.0": {
          "R10": 0.0092,
          "tailR10": 0.00819088319088319,
          "cov10": 0.06667756169308711
        }
      },
      "group_count": {
        "0.25": {
          "R10": 0.022,
          "tailR10": 0.004985754985754986,
          "cov10": 0.09337037642316283
        },
        "0.5": {
          "R10": 0.0186,
          "tailR10": 0.007834757834757835,
          "cov10": 0.09173612246009696
        },
        "0.75": {
          "R10": 0.0114,
          "tailR10": 0.008547008547008548,
          "cov10": 0.08258430026692815
        },
        "1.0": {
          "R10": 0.0082,
          "tailR10": 0.009615384615384616,
          "cov10": 0.07076319660075175
        }
      }
    },
    "tokenizer_entropy": {
      "pos0": {
        "mean_within_code_pop_entropy": 0.8980180755625943,
        "top10pct_codes_mass_share": 0.3019929732922924
      },
      "pos1": {
        "mean_within_code_pop_entropy": 0.8775210474593729,
        "top10pct_codes_mass_share": 0.2093576914022768
      },
      "pos2": {
        "mean_within_code_pop_entropy": 0.8763266892749354,
        "top10pct_codes_mass_share": 0.16376848286185103
      }
    }
  },
  "toys": {
    "quintile_recall": {
      "0.0": {
        "overall": 0.051,
        "by_quintile": [
          0.009900990099009901,
          0.017825311942959002,
          0.026981450252951095,
          0.0427807486631016,
          0.09416096791162545
        ]
      },
      "0.25": {
        "overall": 0.052,
        "by_quintile": [
          0.01287128712871287,
          0.024955436720142603,
          0.02866779089376054,
          0.04919786096256684,
          0.08942661756970016
        ]
      },
      "0.5": {
        "overall": 0.0516,
        "by_quintile": [
          0.01782178217821782,
          0.026737967914438502,
          0.03541315345699832,
          0.053475935828877004,
          0.08100999473961074
        ]
      },
      "0.75": {
        "overall": 0.0498,
        "by_quintile": [
          0.02178217821782178,
          0.030303030303030304,
          0.04047217537942664,
          0.053475935828877004,
          0.07154129405576012
        ]
      },
      "1.0": {
        "overall": 0.0488,
        "by_quintile": [
          0.028712871287128714,
          0.035650623885918005,
          0.0387858347386172,
          0.057754010695187166,
          0.06207259337190952
        ]
      }
    },
    "quintile_item_counts": [
      2384,
      2385,
      2385,
      2385,
      2385
    ],
    "quintile_target_counts": [
      1010,
      561,
      593,
      935,
      1901
    ],
    "group_baselines": {
      "group_marginal": {
        "0.25": {
          "R10": 0.0492,
          "tailR10": 0.027428202646014845,
          "cov10": 0.3067762495806776
        },
        "0.5": {
          "R10": 0.048,
          "tailR10": 0.03355921264924169,
          "cov10": 0.32707145253270714
        },
        "0.75": {
          "R10": 0.0446,
          "tailR10": 0.03549532107131333,