{
  "beauty": {
    "betas": [
      0,
      0.25,
      0.5,
      0.75,
      1.0,
      1.5,
      2.0
    ],
    "shares": [
      [
        0.02724,
        0.02474,
        0.05398,
        0.0661,
        0.82794
      ],
      [
        0.02864,
        0.02586,
        0.0554,
        0.07284,
        0.81726
      ],
      [
        0.02948,
        0.0277,
        0.05786,
        0.08164,
        0.80332
      ],
      [
        0.03042,
        0.03008,
        0.06246,
        0.09248,
        0.78456
      ],
      [
        0.0313,
        0.03494,
        0.06898,
        0.1094,
        0.75538
      ],
      [
        0.03688,
        0.05324,
        0.09394,
        0.16242,
        0.65352
      ],
      [
        0.06784,
        0.09706,
        0.1542,
        0.24362,
        0.43728
      ]
    ]
  },
  "sports": {
    "betas": [
      0,
      0.25,
      0.5,
      0.75,
      1.0,
      1.5,
      2.0
    ],
    "shares": [
      [
        0.03392,
        0.02496,
        0.07354,
        0.0593,
        0.80828
      ],
      [
        0.03504,
        0.02694,
        0.07402,
        0.06878,
        0.79522
      ],
      [
        0.03556,
        0.02954,
        0.07634,
        0.08328,
        0.77528
      ],
      [
        0.03578,
        0.03618,
        0.0817,
        0.1023,
        0.74404
      ],
      [
        0.03756,
        0.04504,
        0.09624,
        0.13134,
        0.68982
      ],
      [
        0.05628,
        0.088,
        0.15508,
        0.19884,
        0.5018
      ],
      [
        0.10922,
        0.17058,
        0.22668,
        0.2312,
        0.26232
      ]
    ]
  },
  "toys": {
    "betas": [
      0,
      0.25,
      0.5,
      0.75,
      1.0,
      1.5,
      2.0
    ],
    "shares": [
      [
        0.01346,
        0.03144,
        0.05306,
        0.12386,
        0.77818
      ],
      [
        0.01582,
        0.03944,
        0.05944,
        0.14134,
        0.74396
      ],
      [
        0.02042,
        0.05156,
        0.07138,
        0.16282,
        0.69382
      ],
      [
        0.0267,
        0.06958,
        0.08636,
        0.18356,
        0.6338
      ],
      [
        0.0367,
        0.09116,
        0.10298,
        0.20288,
        0.56628
      ],
      [
        0.06618,
        0.13694,
        0.13822,
        0.23492,
        0.42374
      ],
      [
        0.12382,
        0.18922,
        0.1643,
        0.24034,
        0.28232
      ]
    ]
  }
}