{
  "beauty": {
    "rank-disc b=0.5": {
      "R10": 0.0394,
      "tailR10": 0.00933572710951526,
      "cov10": 0.11007354764069086
    },
    "rank-disc b=1.0": {
      "R10": 0.029,
      "tailR10": 0.012926391382405745,
      "cov10": 0.10238823237748947
    },
    "eps-random 0.3": {
      "R10": 0.0374,
      "tailR10": 0.005385996409335727,
      "cov10": 0.7335757375423518
    },
    "calib-quota": {
      "R10": 0.0422,
      "tailR10": 0.008258527827648115,
      "cov10": 0.13899677712585737
    }
  },
  "sports": {
    "rank-disc b=0.5": {
      "R10": 0.0198,
      "tailR10": 0.007751937984496124,
      "cov10": 0.09064661981805305
    },
    "rank-disc b=1.0": {
      "R10": 0.0082,
      "tailR10": 0.009161381254404511,
      "cov10": 0.06831181565615296
    },
    "eps-random 0.3": {
      "R10": 0.0206,
      "tailR10": 0.0028188865398167725,
      "cov10": 0.5932341885929073
    },
    "calib-quota": {
      "R10": 0.022,
      "tailR10": 0.007399577167019027,
      "cov10": 0.11456120281091682
    }
  },
  "toys": {
    "rank-disc b=0.5": {
      "R10": 0.048,
      "tailR10": 0.03221690590111643,
      "cov10": 0.3328581013082858
    },
    "rank-disc b=1.0": {
      "R10": 0.039,
      "tailR10": 0.0379585326953748,
      "cov10": 0.3286648775578665
    },
    "eps-random 0.3": {
      "R10": 0.0388,
      "tailR10": 0.01690590111642743,
      "cov10": 0.7862294532036229
    },
    "calib-quota": {
      "R10": 0.0478,
      "tailR10": 0.029027113237639554,
      "cov10": 0.3485407581348541
    }
  }
}