{
  "meta": {
    "n_eval": 5000,
    "n_items": 11924,
    "head_users": 1865,
    "tail_users": 3135,
    "marginal_m": 512
  },
  "baseline": {
    "R5": 0.03019999898970127,
    "R10": 0.050999999046325684,
    "N10": 0.026739289984107018,
    "headR10": 0.09544235467910767,
    "tailR10": 0.024561403319239616,
    "tailN10": 0.011244004592299461,
    "cov10": 0.2831264676283127,
    "gini": 0.9127081046628648,
    "ent": 0.7577593140748413
  },
  "model_pmi": {
    "0.1": {
      "R5": 0.03059999831020832,
      "R10": 0.050200000405311584,
      "N10": 0.0267583467066288,
      "headR10": 0.09168900549411774,
      "tailR10": 0.02551834098994732,
      "tailN10": 0.011886435560882092,
      "cov10": 0.2929386112042939,
      "gini": 0.9075394968131499,
      "ent": 0.7648263409293539
    },
    "0.25": {
      "R5": 0.03099999949336052,
      "R10": 0.05199999734759331,
      "N10": 0.027062801644206047,
      "headR10": 0.0906166210770607,
      "tailR10": 0.029027113690972328,
      "tailN10": 0.013255037367343903,
      "cov10": 0.3081180811808118,
      "gini": 0.8994748004025495,
      "ent": 0.7752396020275989
    },
    "0.5": {
      "R5": 0.031199999153614044,
      "R10": 0.05159999802708626,
      "N10": 0.025837266817688942,
      "headR10": 0.0820375308394432,
      "tailR10": 0.03349282220005989,
      "tailN10": 0.015275600366294384,
      "cov10": 0.33218718550821874,
      "gini": 0.885469594095941,
      "ent": 0.7911972210619367
    },
    "0.75": {
      "R5": 0.027400000020861626,
      "R10": 0.04959999769926071,
      "N10": 0.024446936324238777,
      "headR10": 0.0729222521185875,
      "tailR10": 0.0357256755232811,
      "tailN10": 0.016328031197190285,
      "cov10": 0.3534048976853405,
      "gini": 0.874319885944314,
      "ent": 0.8028874757411486
    },
    "1.0": {
      "R5": 0.027799999341368675,
      "R10": 0.04899999871850014,
      "N10": 0.0240964163094759,
      "headR10": 0.06380697339773178,
      "tailR10": 0.04019138589501381,
      "tailN10": 0.018413813784718513,
      "cov10": 0.3687520966118752,
      "gini": 0.8667988594431398,
      "ent": 0.8099457647631463
    },
    "1.5": {
      "R5": 0.026399999856948853,
      "R10": 0.04360000044107437,
      "N10": 0.021695507690310478,
      "headR10": 0.04611260071396828,
      "tailR10": 0.042105261236429214,
      "tailN10": 0.01982223428785801,
      "cov10": 0.3892150285139215,
      "gini": 0.8635414827239182,
      "ent": 0.8117371220313984
    },
    "2.0": {
      "R5": 0.024000000208616257,
      "R10": 0.042399998754262924,
      "N10": 0.020328953862190247,
      "headR10": 0.03485254570841789,
      "tailR10": 0.046889953315258026,
      "tailN10": 0.021712664514780045,
      "cov10": 0.3727775914122778,
      "gini": 0.8800413820865481,
      "ent": 0.7963941993542114
    }
  },
  "naive": {
    "0.1": {
      "R5": 0.030799999833106995,
      "R10": 0.04939999803900719,
      "N10": 0.025697387754917145,
      "headR10": 0.08793565630912781,
      "tailR10": 0.02647527866065502,
      "tailN10": 0.012422309257090092,
      "cov10": 0.3033378061053338,
      "gini": 0.901919104327407,
      "ent": 0.7729257020544168
    },
    "0.25": {
      "R5": 0.030399998649954796,
      "R10": 0.04839999973773956,
      "N10": 0.025235118344426155,
      "headR10": 0.08096514642238617,
      "tailR10": 0.029027113690972328,
      "tailN10": 0.014318405650556087,
      "cov10": 0.32941965783294197,
      "gini": 0.8885366018114726,
      "ent": 0.787501524318961
    },
    "0.5": {
      "R5": 0.026200000196695328,
      "R10": 0.04739999771118164,
      "N10": 0.023918187245726585,
      "headR10": 0.06756032258272171,
      "tailR10": 0.035406697541475296,
      "tailN10": 0.017388515174388885,
      "cov10": 0.358939953035894,
      "gini": 0.8828916571620261,
      "ent": 0.7812937007279602
    },
    "0.75": {
      "R5": 0.023599999025464058,
      "R10": 0.04319999739527702,
      "N10": 0.021578960120677948,
      "headR10": 0.049865949898958206,
      "tailR10": 0.03923444822430611,
      "tailN10": 0.019734369590878487,
      "cov10": 0.36481046628648106,
      "gini": 0.8936228144917813,
      "ent": 0.7556055907639813
    },
    "1.0": {
      "R5": 0.020999999716877937,
      "R10": 0.03739999979734421,
      "N10": 0.01898917183279991,
      "headR10": 0.030563002452254295,
      "tailR10": 0.04146730527281761,
      "tailN10": 0.021036332473158836,
      "cov10": 0.3485407581348541,
      "gini": 0.9090592385105669,
      "ent": 0.7277469422416862
    },
    "1.5": {
      "R5": 0.019999999552965164,
      "R10": 0.032600000500679016,
      "N10": 0.016301387920975685,
      "headR10": 0.013404825702309608,
      "tailR10": 0.04401913657784462,
      "tailN10": 0.021556610241532326,
      "cov10": 0.28740355585374033,
      "gini": 0.9380121804763503,
      "ent": 0.6719149865460144
    },
    "2.0": {
      "R5": 0.017400000244379044,
      "R10": 0.03059999831020832,
      "N10": 0.014395233243703842,
      "headR10": 0.00804289523512125,
      "tailR10": 0.04401913657784462,
      "tailN10": 0.02108490839600563,
      "cov10": 0.23423347869842334,
      "gini": 0.9561262965447836,
      "ent": 0.6256899728923317
    }
  },
  "floored": {
    "floor0.1_b0.5": {
      "R5": 0.03019999898970127,
      "R10": 0.04779999703168869,
      "N10": 0.024574484676122665,
      "headR10": 0.08257372677326202,
      "tailR10": 0.027113236486911774,
      "tailN10": 0.013246281072497368,
      "cov10": 0.3249748406574975,
      "gini": 0.8895977658503857,
      "ent": 0.7870009277980219
    },
    "floor0.1_b1.0": {
      "R5": 0.026799999177455902,
      "R10": 0.04839999973773956,
      "N10": 0.02366454340517521,
      "headR10": 0.07560321688652039,
      "tailR10": 0.03221690654754639,
      "tailN10": 0.015256132930517197,
      "cov10": 0.3643072794364307,
      "gini": 0.8675983428379739,
      "ent": 0.8092458745389755
    },
    "floor0.1_b1.5": {
      "R5": 0.026599999517202377,
      "R10": 0.044199999421834946,
      "N10": 0.022133853286504745,
      "headR10": 0.06380697339773178,
      "tailR10": 0.03253588452935219,
      "tailN10": 0.015571621246635914,
      "cov10": 0.3918986917141899,
      "gini": 0.8529847903388125,
      "ent": 0.8214089373996752
    },
    "floor0.1_b2.0": {
      "R5": 0.02579999901354313,
      "R10": 0.041999999433755875,
      "N10": 0.020836852490901947,
      "headR10": 0.05790884792804718,
      "tailR10": 0.03253588452935219,
      "tailN10": 0.015681235119700432,
      "cov10": 0.4106843341160684,
      "gini": 0.8466742066420664,
      "ent": 0.8258896674324897
    },
    "floor0.1_b3.0": {
      "R5": 0.02459999918937683,
      "R10": 0.0405999980866909,
      "N10": 0.019852478057146072,
      "headR10": 0.05093833804130554,
      "tailR10": 0.03444975987076759,
      "tailN10": 0.016161205247044563,
      "cov10": 0.42712177121771217,
      "gini": 0.8414678295873868,
      "ent": 0.8292733422725215
    },
    "floor0.01_b0.5": {
      "R5": 0.031199999153614044,
      "R10": 0.05079999938607216,
      "N10": 0.025582503527402878,
      "headR10": 0.0820375308394432,
      "tailR10": 0.03221690654754639,
      "tailN10": 0.014869277365505695,
      "cov10": 0.33243877893324386,
      "gini": 0.8853436866823213,
      "ent": 0.7913211255590515
    },
    "floor0.01_b1.0": {
      "R5": 0.026999998837709427,
      "R10": 0.047599997371435165,
      "N10": 0.02370796725153923,
      "headR10": 0.06380697339773178,
      "tailR10": 0.0379585325717926,
      "tailN10": 0.01778128184378147,
      "cov10": 0.370010063737001,
      "gini": 0.8661041898691714,
      "ent": 0.8105652364473691
    },
    "floor0.01_b1.5": {
      "R5": 0.025599999353289604,
      "R10": 0.042399998754262924,
      "N10": 0.021432049572467804,
      "headR10": 0.047184985131025314,
      "tailR10": 0.039553429931402206,
      "tailN10": 0.018913866952061653,
      "cov10": 0.39760147601476015,