{
  "meta": {
    "n_eval": 5000,
    "n_items": 12101,
    "head_users": 2215,
    "tail_users": 2785,
    "marginal_m": 512
  },
  "baseline": {
    "R5": 0.03099999949336052,
    "R10": 0.04820000007748604,
    "N10": 0.02466319315135479,
    "headR10": 0.09977426379919052,
    "tailR10": 0.007181328255683184,
    "tailN10": 0.003656074870377779,
    "cov10": 0.11007354764069086,
    "gini": 0.9718800727212628,
    "ent": 0.6394185858044159
  },
  "model_pmi": {
    "0.1": {
      "R5": 0.03059999831020832,
      "R10": 0.047599997371435165,
      "N10": 0.024568872526288033,
      "headR10": 0.09841986000537872,
      "tailR10": 0.007181328255683184,
      "tailN10": 0.003916991408914328,
      "cov10": 0.11354433517891084,
      "gini": 0.9704431402363441,
      "ent": 0.645189348883461
    },
    "0.25": {
      "R5": 0.028999999165534973,
      "R10": 0.04879999905824661,
      "N10": 0.0249872375279665,
      "headR10": 0.10022573173046112,
      "tailR10": 0.007899461314082146,
      "tailN10": 0.004205178935080767,
      "cov10": 0.11817205189653747,
      "gini": 0.9681929559540534,
      "ent": 0.6538492722707117
    },
    "0.5": {
      "R5": 0.029199998825788498,
      "R10": 0.047199998050928116,
      "N10": 0.023938870057463646,
      "headR10": 0.09571105986833572,
      "tailR10": 0.00861759390681982,
      "tailN10": 0.0045762998051941395,
      "cov10": 0.12883232790678456,
      "gini": 0.9641165986282125,
      "ent": 0.668450688071068
    },
    "0.75": {
      "R5": 0.026200000196695328,
      "R10": 0.04559999704360962,
      "N10": 0.02275676466524601,
      "headR10": 0.08939051628112793,
      "tailR10": 0.01077199261635542,
      "tailN10": 0.006084751337766647,
      "cov10": 0.14106272208908355,
      "gini": 0.9596711180894141,
      "ent": 0.6827984445132435
    },
    "1.0": {
      "R5": 0.02459999918937683,
      "R10": 0.04319999739527702,
      "N10": 0.020881017670035362,
      "headR10": 0.08216704428195953,
      "tailR10": 0.012208257801830769,
      "tailN10": 0.006757498253136873,
      "cov10": 0.15643335261548633,
      "gini": 0.9543614544252541,
      "ent": 0.6977184434827126
    },
    "1.5": {
      "R5": 0.01719999872148037,
      "R10": 0.03399999812245369,
      "N10": 0.01642259955406189,
      "headR10": 0.05869074538350105,
      "tailR10": 0.014362656511366367,
      "tailN10": 0.007903237827122211,
      "cov10": 0.1973390628873647,
      "gini": 0.9403297281216428,
      "ent": 0.7281753190689605
    },
    "2.0": {
      "R5": 0.012199999764561653,
      "R10": 0.02459999918937683,
      "N10": 0.011596527881920338,
      "headR10": 0.032957110553979874,
      "tailR10": 0.01795332133769989,
      "tailN10": 0.009032470174133778,
      "cov10": 0.24576481282538634,
      "gini": 0.927734101313941,
      "ent": 0.7472215812752556
    }
  },
  "naive": {
    "0.1": {
      "R5": 0.0279999990016222,
      "R10": 0.044999998062849045,
      "N10": 0.022981280460953712,
      "headR10": 0.09164785593748093,
      "tailR10": 0.007899461314082146,
      "tailN10": 0.004112389869987965,
      "cov10": 0.11511445335096274,
      "gini": 0.9699673779026526,
      "ent": 0.648973646234893
    },
    "0.25": {
      "R5": 0.02279999852180481,
      "R10": 0.039799999445676804,
      "N10": 0.020250217989087105,
      "headR10": 0.07810383290052414,
      "tailR10": 0.009335726499557495,
      "tailN10": 0.004706864710897207,
      "cov10": 0.12222130402446078,
      "gini": 0.9695911081728783,
      "ent": 0.6468955263460656
    },
    "0.5": {
      "R5": 0.015199999324977398,
      "R10": 0.03139999881386757,
      "N10": 0.014731924049556255,
      "headR10": 0.056433409452438354,
      "tailR10": 0.011490125209093094,
      "tailN10": 0.005800605285912752,
      "cov10": 0.1231303198082803,
      "gini": 0.9743017568795967,
      "ent": 0.6181233222100511
    },
    "0.75": {
      "R5": 0.010799999348819256,
      "R10": 0.022599998861551285,
      "N10": 0.01071146409958601,
      "headR10": 0.03340857848525047,
      "tailR10": 0.014003589749336243,
      "tailN10": 0.007064842153340578,
      "cov10": 0.11684984712007272,
      "gini": 0.978172640277663,
      "ent": 0.595561638528692
    },
    "1.0": {
      "R5": 0.011599999852478504,
      "R10": 0.019999999552965164,
      "N10": 0.00945986807346344,
      "headR10": 0.02573363482952118,
      "tailR10": 0.015439855866134167,
      "tailN10": 0.007695804815739393,
      "cov10": 0.10833815387158086,
      "gini": 0.9809986480456161,
      "ent": 0.5794444039082531
    },
    "1.5": {
      "R5": 0.008599999360740185,
      "R10": 0.01719999872148037,
      "N10": 0.007867353968322277,
      "headR10": 0.014446952380239964,
      "tailR10": 0.01938958652317524,
      "tailN10": 0.009315182454884052,
      "cov10": 0.08990992479960334,
      "gini": 0.9855088835633419,
      "ent": 0.5541065679270921
    },
    "2.0": {
      "R5": 0.007199999876320362,
      "R10": 0.012999999336898327,
      "N10": 0.006085855886340141,
      "headR10": 0.006320541724562645,
      "tailR10": 0.01831238716840744,
      "tailN10": 0.008645914494991302,
      "cov10": 0.07470456987025866,
      "gini": 0.9883869895049996,
      "ent": 0.53212661173603
    }
  },
  "floored": {
    "floor0.1_b0.5": {
      "R5": 0.029199998825788498,
      "R10": 0.046799998730421066,
      "N10": 0.023774856701493263,
      "headR10": 0.09616252779960632,
      "tailR10": 0.007540394552052021,
      "tailN10": 0.004097544122487307,
      "cov10": 0.12825386331708125,
      "gini": 0.9643907015949095,
      "ent": 0.6678545048884931
    },
    "floor0.1_b1.0": {
      "R5": 0.025999998673796654,
      "R10": 0.045399997383356094,
      "N10": 0.02156011573970318,
      "headR10": 0.09029345214366913,
      "tailR10": 0.00969479326158762,
      "tailN10": 0.005588755011558533,
      "cov10": 0.15602016362284107,
      "gini": 0.9548782546896951,
      "ent": 0.6965225265966525
    },
    "floor0.1_b1.5": {
      "R5": 0.021399999037384987,
      "R10": 0.03879999741911888,
      "N10": 0.018537526950240135,
      "headR10": 0.07539503276348114,
      "tailR10": 0.00969479326158762,
      "tailN10": 0.005795131903141737,
      "cov10": 0.18725725146682093,
      "gini": 0.9421480671018924,
      "ent": 0.7250832211298648
    },
    "floor0.1_b2.0": {
      "R5": 0.01860000006854534,
      "R10": 0.03579999879002571,
      "N10": 0.016430428251624107,
      "headR10": 0.06591422110795975,
      "tailR10": 0.011849191971123219,
      "tailN10": 0.006399341393262148,
      "cov10": 0.21427981158581935,
      "gini": 0.9312058937277911,
      "ent": 0.7436219617328891
    },
    "floor0.1_b3.0": {
      "R5": 0.015599999576807022,
      "R10": 0.03359999880194664,
      "N10": 0.01505119726061821,
      "headR10": 0.06049661338329315,
      "tailR10": 0.012208257801830769,
      "tailN10": 0.006348498165607452,
      "cov10": 0.23576563920337162,
      "gini": 0.9233777505991241,
      "ent": 0.7539165449472646
    },
    "floor0.01_b0.5": {
      "R5": 0.029199998825788498,
      "R10": 0.047199998050928116,
      "N10": 0.023938870057463646,
      "headR10": 0.09571105986833572,
      "tailR10": 0.00861759390681982,
      "tailN10": 0.0045762998051941395,
      "cov10": 0.12899760350384265,
      "gini": 0.9641089761176762,
      "ent": 0.6684708753185297
    },
    "floor0.01_b1.0": {
      "R5": 0.024799998849630356,
      "R10": 0.04339999705553055,
      "N10": 0.02094784565269947,
      "headR10": 0.08261851221323013,
      "tailR10": 0.012208257801830769,
      "tailN10": 0.006757498253136873,
      "cov10": 0.15659862821254442,
      "gini": 0.9543364283943476,
      "ent": 0.6977571441606355
    },
    "floor0.01_b1.5": {
      "R5": 0.017400000244379044,
      "R10": 0.034199997782707214,
      "N10": 0.01658708043396473,
      "headR10": 0.05959367752075195,
      "tailR10": 0.014003589749336243,
      "tailN10": 0.007828736677765846,