{
  "meta": {
    "n_eval": 5000,
    "n_items": 18357,
    "head_users": 2162,
    "tail_users": 2838,
    "marginal_m": 512
  },
  "baseline": {
    "R5": 0.015599999576807022,
    "R10": 0.02499999850988388,
    "N10": 0.012754611670970917,
    "headR10": 0.0536540225148201,
    "tailR10": 0.003171247197315097,
    "tailN10": 0.0018158114980906248,
    "cov10": 0.09157269706379038,
    "gini": 0.9767313177534456,
    "ent": 0.637428437091687
  },
  "model_pmi": {
    "0.1": {
      "R5": 0.015199999324977398,
      "R10": 0.025200000032782555,
      "N10": 0.012710832990705967,
      "headR10": 0.05411655828356743,
      "tailR10": 0.003171247197315097,
      "tailN10": 0.0018158114980906248,
      "cov10": 0.09609413302827259,
      "gini": 0.9750569548401155,
      "ent": 0.6448832627142377
    },
    "0.25": {
      "R5": 0.015799999237060547,
      "R10": 0.025599999353289604,
      "N10": 0.013066273182630539,
      "headR10": 0.05411655828356743,
      "tailR10": 0.0038759687449783087,
      "tailN10": 0.0021831539925187826,
      "cov10": 0.10470120390041945,
      "gini": 0.972164525793975,
      "ent": 0.656587858627838
    },
    "0.5": {
      "R5": 0.01640000008046627,
      "R10": 0.025999998673796654,
      "N10": 0.013016839511692524,
      "headR10": 0.05180388689041138,
      "tailR10": 0.006342494394630194,
      "tailN10": 0.0032294574193656445,
      "cov10": 0.11924606417170562,
      "gini": 0.9667140208095004,
      "ent": 0.6760178083985163
    },
    "0.75": {
      "R5": 0.015599999576807022,
      "R10": 0.025599999353289604,
      "N10": 0.012630656361579895,
      "headR10": 0.0490286760032177,
      "tailR10": 0.007751937489956617,
      "tailN10": 0.004156799521297216,
      "cov10": 0.1346080514245247,
      "gini": 0.9601889110421092,
      "ent": 0.6954388215093827
    },
    "1.0": {
      "R5": 0.014399999752640724,
      "R10": 0.023399999365210533,
      "N10": 0.01123363059014082,
      "headR10": 0.042090658098459244,
      "tailR10": 0.009161381050944328,
      "tailN10": 0.004450168926268816,
      "cov10": 0.1536743476602931,
      "gini": 0.952662833796372,
      "ent": 0.7142251860671845
    },
    "1.5": {
      "R5": 0.009999999776482582,
      "R10": 0.01899999938905239,
      "N10": 0.009022196754813194,
      "headR10": 0.02821461670100689,
      "tailR10": 0.011980267241597176,
      "tailN10": 0.0060328152030706406,
      "cov10": 0.19153456447131884,
      "gini": 0.9426533834504549,
      "ent": 0.7328857574243715
    },
    "2.0": {
      "R5": 0.007400000002235174,
      "R10": 0.0142000000923872,
      "N10": 0.006802230607718229,
      "headR10": 0.014338575303554535,
      "tailR10": 0.014094431884586811,
      "tailN10": 0.0070708622224628925,
      "cov10": 0.20531677289317427,
      "gini": 0.9487281276897096,
      "ent": 0.7137305613741097
    }
  },
  "naive": {
    "0.1": {
      "R5": 0.012000000104308128,
      "R10": 0.02199999988079071,
      "N10": 0.010542022064328194,
      "headR10": 0.046253468841314316,
      "tailR10": 0.0035236079711467028,
      "tailN10": 0.001903908560052514,
      "cov10": 0.09810971291605382,
      "gini": 0.975145871329738,
      "ent": 0.6445996209028122
    },
    "0.25": {
      "R5": 0.009599999524652958,
      "R10": 0.01679999940097332,
      "N10": 0.007894045673310757,
      "headR10": 0.03098982386291027,
      "tailR10": 0.005990133620798588,
      "tailN10": 0.002704158890992403,
      "cov10": 0.10268562401263823,
      "gini": 0.9755979408400065,
      "ent": 0.6382897562498752
    },
    "0.5": {
      "R5": 0.006000000052154064,
      "R10": 0.013399999588727951,
      "N10": 0.005661184899508953,
      "headR10": 0.019426457583904266,
      "tailR10": 0.008809019811451435,
      "tailN10": 0.003804872278124094,
      "cov10": 0.09505910551833088,
      "gini": 0.9814519322329357,
      "ent": 0.6033785975565515
    },
    "0.75": {
      "R5": 0.00419999985024333,
      "R10": 0.008200000040233135,
      "N10": 0.0034938689786940813,
      "headR10": 0.007400555070489645,
      "tailR10": 0.008809019811451435,
      "tailN10": 0.0039162239991128445,
      "cov10": 0.08089557117176009,
      "gini": 0.9855502467723484,
      "ent": 0.5772497470182927
    },
    "1.0": {
      "R5": 0.003000000026077032,
      "R10": 0.006199999712407589,
      "N10": 0.002626734087243676,
      "headR10": 0.0018501387676224113,
      "tailR10": 0.009513741359114647,
      "tailN10": 0.004142597783356905,
      "cov10": 0.0692378929018903,
      "gini": 0.9880330685841913,
      "ent": 0.5577505381340709
    },
    "1.5": {
      "R5": 0.002199999988079071,
      "R10": 0.00559999980032444,
      "N10": 0.0023681228049099445,
      "headR10": 0.0,
      "tailR10": 0.00986610259860754,
      "tailN10": 0.004172168206423521,
      "cov10": 0.05338562946015144,
      "gini": 0.9914463300103503,
      "ent": 0.5238447536696014
    },
    "2.0": {
      "R5": 0.002199999988079071,
      "R10": 0.00559999980032444,
      "N10": 0.002280206186696887,
      "headR10": 0.0,
      "tailR10": 0.00986610259860754,
      "tailN10": 0.00401727668941021,
      "cov10": 0.04227270251130359,
      "gini": 0.9937442741188648,
      "ent": 0.49299452975999475
    }
  },
  "floored": {
    "floor0.1_b0.5": {
      "R5": 0.01640000008046627,
      "R10": 0.025599999353289604,
      "N10": 0.012899315916001797,
      "headR10": 0.05134135112166405,
      "tailR10": 0.005990133620798588,
      "tailN10": 0.00312338606454432,
      "cov10": 0.11831998692596829,
      "gini": 0.9668548695320586,
      "ent": 0.6757052681491117
    },
    "floor0.1_b1.0": {
      "R5": 0.014999999664723873,
      "R10": 0.023000000044703484,
      "N10": 0.011446816846728325,
      "headR10": 0.043015725910663605,
      "tailR10": 0.007751937489956617,
      "tailN10": 0.003936749882996082,
      "cov10": 0.14969766301683282,
      "gini": 0.9536695015525413,
      "ent": 0.7119469692095588
    },
    "floor0.1_b1.5": {
      "R5": 0.012799999676644802,
      "R10": 0.022599998861551285,
      "N10": 0.010684613138437271,
      "headR10": 0.041165586560964584,
      "tailR10": 0.008456659503281116,
      "tailN10": 0.004193830769509077,
      "cov10": 0.18211036661763905,
      "gini": 0.9412603017922319,
      "ent": 0.7366842263949132
    },
    "floor0.1_b2.0": {
      "R5": 0.012199999764561653,
      "R10": 0.021800000220537186,
      "N10": 0.010596469976007938,
      "headR10": 0.03792784363031387,
      "tailR10": 0.009513741359114647,
      "tailN10": 0.004925860557705164,
      "cov10": 0.2058615242141962,
      "gini": 0.9336189747780138,
      "ent": 0.7487448802056984
    },
    "floor0.1_b3.0": {
      "R5": 0.01119999960064888,
      "R10": 0.01899999938905239,
      "N10": 0.0089865168556571,
      "headR10": 0.03006475418806076,
      "tailR10": 0.010570824146270752,
      "tailN10": 0.005426889285445213,
      "cov10": 0.22781500245138095,
      "gini": 0.9272061774799804,
      "ent": 0.7576157778580301
    },
    "floor0.01_b0.5": {
      "R5": 0.01640000008046627,
      "R10": 0.025999998673796654,
      "N10": 0.013016839511692524,
      "headR10": 0.05180388689041138,
      "tailR10": 0.006342494394630194,
      "tailN10": 0.0032294574193656445,
      "cov10": 0.11919158903960342,
      "gini": 0.9667218063953805,
      "ent": 0.6759995465284657
    },
    "floor0.01_b1.0": {
      "R5": 0.014399999752640724,
      "R10": 0.023399999365210533,
      "N10": 0.011259817518293858,
      "headR10": 0.042090658098459244,
      "tailR10": 0.009161381050944328,
      "tailN10": 0.004450168926268816,
      "cov10": 0.15372882279239528,
      "gini": 0.9526487508852209,
      "ent": 0.7142525303034573
    },
    "floor0.01_b1.5": {
      "R5": 0.010199999436736107,
      "R10": 0.01939999870955944,
      "N10": 0.009275279007852077,
      "headR10": 0.0291396863758564,
      "tailR10": 0.011980267241597176,
      "tailN10": 0.005997162777930498,