{
  "meta": {
    "n_eval": 5000,
    "n_items": 23033,
    "head_users": 1923,
    "tail_users": 3077,
    "marginal_m": 512
  },
  "baseline": {
    "R5": 0.00839999970048666,
    "R10": 0.01640000008046627,
    "N10": 0.00801971834152937,
    "headR10": 0.0348413921892643,
    "tailR10": 0.004874878097325563,
    "tailN10": 0.002026650356128812,
    "cov10": 0.10932140841401468,
    "gini": 0.9678188234272566,
    "ent": 0.6799745673531251
  },
  "model_pmi": {
    "0.1": {
      "R5": 0.008999999612569809,
      "R10": 0.01640000008046627,
      "N10": 0.008035225793719292,
      "headR10": 0.033801350742578506,
      "tailR10": 0.005524862091988325,
      "tailN10": 0.002311180578544736,
      "cov10": 0.11335909347457995,
      "gini": 0.9656978700125907,
      "ent": 0.6867601099994605
    },
    "0.25": {
      "R5": 0.00839999970048666,
      "R10": 0.015799999237060547,
      "N10": 0.00790275726467371,
      "headR10": 0.03224128857254982,
      "tailR10": 0.005524862091988325,
      "tailN10": 0.0023426967673003674,
      "cov10": 0.1217817913428559,
      "gini": 0.9624525176920071,
      "ent": 0.696328010435093
    },
    "0.5": {
      "R5": 0.008799999952316284,
      "R10": 0.015599999576807022,
      "N10": 0.008080461993813515,
      "headR10": 0.03224128857254982,
      "tailR10": 0.005199870094656944,
      "tailN10": 0.002421340439468622,
      "cov10": 0.13771545174315114,
      "gini": 0.9562279911431425,
      "ent": 0.712684159398107
    },
    "0.75": {
      "R5": 0.00839999970048666,
      "R10": 0.014999999664723873,
      "N10": 0.007543336134403944,
      "headR10": 0.03120124712586403,
      "tailR10": 0.004874878097325563,
      "tailN10": 0.002220926573500037,
      "cov10": 0.1549950071636348,
      "gini": 0.948619799418226,
      "ent": 0.7294510326209527
    },
    "1.0": {
      "R5": 0.008200000040233135,
      "R10": 0.014999999664723873,
      "N10": 0.007326425053179264,
      "headR10": 0.03120124712586403,
      "tailR10": 0.004874878097325563,
      "tailN10": 0.002140010939911008,
      "cov10": 0.17726739894933358,
      "gini": 0.9393478070594364,
      "ent": 0.7464471461871558
    },
    "1.5": {
      "R5": 0.006799999624490738,
      "R10": 0.013199999928474426,
      "N10": 0.00625958014279604,
      "headR10": 0.024960998445749283,
      "tailR10": 0.005849854089319706,
      "tailN10": 0.0025650043971836567,
      "cov10": 0.225502539834151,
      "gini": 0.9205855737420223,
      "ent": 0.7724757755146523
    },
    "2.0": {
      "R5": 0.004999999888241291,
      "R10": 0.011599999852478504,
      "N10": 0.0050431727431714535,
      "headR10": 0.016640665009617805,
      "tailR10": 0.008449789136648178,
      "tailN10": 0.0036376863718032837,
      "cov10": 0.26883167629053967,
      "gini": 0.9133793426822385,
      "ent": 0.7749193759856232
    }
  },
  "naive": {
    "0.1": {
      "R5": 0.007599999662488699,
      "R10": 0.014800000004470348,
      "N10": 0.0073951599188148975,
      "headR10": 0.02652106061577797,
      "tailR10": 0.007474813144654036,
      "tailN10": 0.0036496403627097607,
      "cov10": 0.11244735813832328,
      "gini": 0.9678005001519558,
      "ent": 0.6777445890700001
    },
    "0.25": {
      "R5": 0.005799999926239252,
      "R10": 0.011399999260902405,
      "N10": 0.005871104076504707,
      "headR10": 0.0171606857329607,
      "tailR10": 0.007799805141985416,
      "tailN10": 0.0042015244252979755,
      "cov10": 0.11023314375027135,
      "gini": 0.971572958798246,
      "ent": 0.6596539703564691
    },
    "0.5": {
      "R5": 0.004799999762326479,
      "R10": 0.009999999776482582,
      "N10": 0.00491907587274909,
      "headR10": 0.009360373951494694,
      "tailR10": 0.010399740189313889,
      "tailN10": 0.00525212287902832,
      "cov10": 0.09373507576086484,
      "gini": 0.9804843711196978,
      "ent": 0.6160833040938299
    },
    "0.75": {
      "R5": 0.00419999985024333,
      "R10": 0.006799999624490738,
      "N10": 0.0037831151857972145,
      "headR10": 0.004680186975747347,
      "tailR10": 0.00812479667365551,
      "tailN10": 0.004771540407091379,
      "cov10": 0.07302565883732037,
      "gini": 0.9869251769200712,
      "ent": 0.5719895483005522
    },
    "1.0": {
      "R5": 0.004799999762326479,
      "R10": 0.006799999624490738,
      "N10": 0.003862192388623953,
      "headR10": 0.002600103849545121,
      "tailR10": 0.009424764662981033,
      "tailN10": 0.005516532342880964,
      "cov10": 0.05891546910953849,
      "gini": 0.9911261077584336,
      "ent": 0.5293130570446387
    },
    "1.5": {
      "R5": 0.003000000026077032,
      "R10": 0.005200000014156103,
      "N10": 0.0029381029307842255,
      "headR10": 0.0010400415631011128,
      "tailR10": 0.007799805141985416,
      "tailN10": 0.004471418913453817,
      "cov10": 0.03612208570312161,
      "gini": 0.9959316076933096,
      "ent": 0.4530631805592891
    },
    "2.0": {
      "R5": 0.00279999990016222,
      "R10": 0.003999999724328518,
      "N10": 0.0023567485623061657,
      "headR10": 0.0005200207815505564,
      "tailR10": 0.0061748456209897995,
      "tailN10": 0.0036245735827833414,
      "cov10": 0.02209872791212608,
      "gini": 0.9979622558937177,
      "ent": 0.39497240056657446
    }
  },
  "floored": {
    "floor0.1_b0.5": {
      "R5": 0.008799999952316284,
      "R10": 0.015199999324977398,
      "N10": 0.008036255836486816,
      "headR10": 0.031721267849206924,
      "tailR10": 0.004874878097325563,
      "tailN10": 0.0024434528313577175,
      "cov10": 0.13732470802761257,
      "gini": 0.9563564312073981,
      "ent": 0.7124295692217919
    },
    "floor0.1_b1.0": {
      "R5": 0.00839999970048666,
      "R10": 0.015599999576807022,
      "N10": 0.00753336027264595,
      "headR10": 0.032761309295892715,
      "tailR10": 0.004874878097325563,
      "tailN10": 0.0022607585415244102,
      "cov10": 0.17388095341466592,
      "gini": 0.9404818234706726,
      "ent": 0.744631784834841
    },
    "floor0.1_b1.5": {
      "R5": 0.008200000040233135,
      "R10": 0.0139999995008111,
      "N10": 0.007066270336508751,
      "headR10": 0.02860114350914955,
      "tailR10": 0.004874878097325563,
      "tailN10": 0.002376641845330596,
      "cov10": 0.2140407241783528,
      "gini": 0.9235115165197759,
      "ent": 0.7694706335192304
    },
    "floor0.1_b2.0": {
      "R5": 0.007199999876320362,
      "R10": 0.015399999916553497,
      "N10": 0.006972960662096739,
      "headR10": 0.030161205679178238,
      "tailR10": 0.0061748456209897995,
      "tailN10": 0.0030378687661141157,
      "cov10": 0.24760126774627708,
      "gini": 0.9114462414796162,
      "ent": 0.7822134343822265
    },
    "floor0.1_b3.0": {
      "R5": 0.006799999624490738,
      "R10": 0.015599999576807022,
      "N10": 0.006924796849489212,
      "headR10": 0.029121164232492447,
      "tailR10": 0.007149821147322655,
      "tailN10": 0.0034921402111649513,
      "cov10": 0.2678765249858898,
      "gini": 0.9049238692311032,
      "ent": 0.7873565072336104
    },
    "floor0.01_b0.5": {
      "R5": 0.008799999952316284,
      "R10": 0.015599999576807022,
      "N10": 0.008080461993813515,
      "headR10": 0.03224128857254982,
      "tailR10": 0.005199870094656944,
      "tailN10": 0.002421340439468622,
      "cov10": 0.13771545174315114,
      "gini": 0.9562279911431425,
      "ent": 0.7126842068697042
    },
    "floor0.01_b1.0": {
      "R5": 0.008200000040233135,
      "R10": 0.014999999664723873,
      "N10": 0.007326425053179264,
      "headR10": 0.03120124712586403,
      "tailR10": 0.004874878097325563,
      "tailN10": 0.002140010939911008,
      "cov10": 0.1772239829809404,
      "gini": 0.9393553926974341,
      "ent": 0.7464372246233203
    },
    "floor0.01_b1.5": {
      "R5": 0.006799999624490738,
      "R10": 0.013399999588727951,
      "N10": 0.0064073242247104645,
      "headR10": 0.02548101916909218,
      "tailR10": 0.005849854089319706,