{
  "beauty": {
    "lam=0.9": {
      "R10": 0.0476,
      "tailR10": 0.006822262118491921,
      "cov10": 0.10990827204363275
    },
    "lam=0.7": {
      "R10": 0.0476,
      "tailR10": 0.006822262118491921,
      "cov10": 0.1098256342451037
    }
  },
  "sports": {
    "lam=0.9": {
      "R10": 0.0252,
      "tailR10": 0.003171247357293869,
      "cov10": 0.09233534891322112
    },
    "lam=0.7": {
      "R10": 0.0258,
      "tailR10": 0.003171247357293869,
      "cov10": 0.09200849812060795
    }
  },
  "toys": {
    "lam=0.9": {
      "R10": 0.0508,
      "tailR10": 0.024880382775119617,
      "cov10": 0.283210332103321
    },
    "lam=0.7": {
      "R10": 0.051,
      "tailR10": 0.024880382775119617,
      "cov10": 0.28295873867829585
    }
  }
}