{
  "beauty": {
    "spearman_pop": 0.6394590310329488,
    "spearman_vs_avg_marginal": 0.9156150516038843,
    "b=0.25": {
      "R10": 0.0486,
      "tailR10": 0.0075403949730700175,
      "cov10": 0.11684984712007272
    },
    "b=0.5": {
      "R10": 0.046,
      "tailR10": 0.0075403949730700175,
      "cov10": 0.12701429633914552
    },
    "b=0.75": {
      "R10": 0.0432,
      "tailR10": 0.00933572710951526,
      "cov10": 0.1369308321626312
    },
    "b=1.0": {
      "R10": 0.0434,
      "tailR10": 0.011490125673249552,
      "cov10": 0.1499049665316916
    }
  },
  "sports": {
    "spearman_pop": 0.6720284243412932,
    "spearman_vs_avg_marginal": 0.9434042509055572,
    "b=0.25": {
      "R10": 0.0262,
      "tailR10": 0.004228329809725159,
      "cov10": 0.10470120390041945
    },
    "b=0.5": {
      "R10": 0.027,
      "tailR10": 0.007399577167019027,
      "cov10": 0.11750285994443536
    },
    "b=0.75": {
      "R10": 0.0252,
      "tailR10": 0.008809020436927413,
      "cov10": 0.13275589693305007
    },
    "b=1.0": {
      "R10": 0.021,
      "tailR10": 0.008809020436927413,
      "cov10": 0.14670153075121206
    }
  },
  "toys": {
    "spearman_pop": 0.5961467403714308,
    "spearman_vs_avg_marginal": 0.8461675701300052,
    "b=0.25": {
      "R10": 0.0536,
      "tailR10": 0.03062200956937799,
      "cov10": 0.30593760483059373
    },
    "b=0.5": {
      "R10": 0.0524,
      "tailR10": 0.03125996810207336,
      "cov10": 0.3249748406574975
    },
    "b=0.75": {
      "R10": 0.0512,
      "tailR10": 0.03413078149920255,
      "cov10": 0.3390640724589064
    },
    "b=1.0": {
      "R10": 0.0506,
      "tailR10": 0.03859649122807018,
      "cov10": 0.3433411606843341
    }
  }
}