{
  "n": 2000,
  "n_items": 12101,
  "head_users": 851,
  "tail_users": 1149,
  "exact": {
    "R10": 0.0505,
    "headR10": 0.11045828437132785,
    "tailR10": 0.006092254134029591,
    "cov10": 0.09503346830840427
  },
  "beam10": {
    "R10": 0.05,
    "headR10": 0.10810810810810811,
    "tailR10": 0.006962576153176675,
    "cov10": 0.0984216180480952,
    "overlap_with_exact": 0.8028500000000001
  },
  "beam20": {
    "R10": 0.0505,
    "headR10": 0.11045828437132785,
    "tailR10": 0.006092254134029591,
    "cov10": 0.09610775968928188,
    "overlap_with_exact": 0.91375
  }
}