{
  "leace": {
    "layer": 3,
    "n": 2000,
    "baseline": {
      "R10": 0.0425,
      "tailR10": 0.004528985507246377
    },
    "leace": {
      "R10": 0.044,
      "tailR10": 0.005434782608695652
    }
  },
  "m_sensitivity": {
    "32": {
      "spearman_pop": 0.7106875147200795,
      "R10": 0.0454,
      "tailR10": 0.010771992818671455,
      "cov10": 0.14131063548467068
    },
    "128": {
      "spearman_pop": 0.7087649493514231,
      "R10": 0.0466,
      "tailR10": 0.011131059245960502,
      "cov10": 0.14089744649202546
    },
    "512": {
      "spearman_pop": 0.7159210779271058,
      "R10": 0.0456,
      "tailR10": 0.010771992818671455,
      "cov10": 0.1411453598876126
    }
  }
}